Category,Filename,Type,Version,Date_Created,Description,Status,Records,Size
Strategy Documents,ASST_Comprehensive_Strategy.md,Strategic Overview,2.0,2025-09-27,Complete technical implementation & systematic wealth building strategy,Final,N/A,Large
Strategy Documents,ASST_Position_Optimization.md,Position Analysis,1.0,2025-09-27,ITM position transformation into accumulation opportunity,Final,N/A,Large
Strategy Documents,ASST_Share_Accumulation_Strategy.md,Accumulation Framework,1.0,2025-09-27,Premium compounding + systematic wealth building,Final,N/A,Large
Implementation Plans,ASST_6Month_Implementation_Roadmap.md,Strategic Roadmap,1.0,2025-09-27,Month-by-month implementation timeline with targets,Final,N/A,Large
Technical Code,ASST_Advanced_Strategy_System.py,Python Implementation,2.0,2025-09-27,Complete automation system for strategy execution,Production,N/A,Large
Technical Code,asst_volatility_arbitrage_model.py,Mathematical Model,1.0,2025-09-27,Kelly Criterion + premium compounding automation,Production,N/A,Medium
Technical Code,asst_risk_automation.py,Risk Management,1.0,2025-09-27,Real-time monitoring and risk assessment,Production,N/A,Medium
Data Analysis,ASST_Implementation_Projections.csv,Projection Data,1.0,2025-09-27,6-month systematic accumulation projections,Current,6,Data
Data Analysis,ASST_Position_Restructuring_Orders.csv,Order Data,1.0,2025-09-27,Specific execution orders and cash flow impacts,Current,7,Data
Data Analysis,ASST_Premium_Compounding_Model.csv,Compounding Data,1.0,2025-09-27,12-month premium compounding projections,Current,12,Data
Data Analysis,ASST_Share_Accumulation_Tracker.csv,Accumulation Data,1.0,2025-09-27,Current position assignment analysis,Current,5,Data
Data Analysis,ASST_Call_Hedge_Optimization.csv,Hedge Data,1.0,2025-09-27,3-tier call hedge system optimization,Current,3,Data
Data Analysis,ASST_Risk_Metrics_Dashboard.csv,Risk Data,1.0,2025-09-27,6-month risk metrics and monitoring data,Current,6,Data
Data Analysis,ASST_Performance_Attribution.csv,Performance Data,1.0,2025-09-27,Monthly performance attribution analysis,Current,6,Data
Data Analysis,ASST_Long_Term_Value_Projections.csv,Valuation Data,1.0,2025-09-27,Long-term appreciation scenario analysis,Current,5,Data
Operational Templates,ASST_Daily_Monitoring_Checklist.md,Daily Operations,1.0,2025-09-27,Daily portfolio monitoring and risk management,Template,N/A,Medium
Operational Templates,ASST_Weekly_Procedures.md,Weekly Operations,1.0,2025-09-27,Weekly premium collection & reinvestment procedures,Template,N/A,Large
Operational Templates,ASST_Monthly_Analysis_Template.md,Monthly Review,1.0,2025-09-27,Monthly share accumulation & cost basis analysis,Template,N/A,Large
